icd9,icd9_description,icd10,icd10_description,approximate,combination,scenario,choice_list,no_map
0414,Shiga toxin-producing Escherichia coli [E. coli] (STEC) O157,B96,Shiga toxin-producing Escherichia coli [E. coli] (STEC) O157 as the cause of diseases classified elsewhere,0,0,0,0,0
1730,Unspecified malignant neoplasm of skin of lip,C44,Unspecified malignant neoplasm of skin of lip,0,0,0,0,0
1731,"Unspecified malignant neoplasm of eyelid, including canthus",C44,"Unspecified malignant neoplasm of skin of unspecified eyelid, including canthus",1,0,0,0,0
1732,Unspecified malignant neoplasm of skin of ear and external auditory canal,C44,Unspecified malignant neoplasm of skin of unspecified ear and external auricular canal,1,0,0,0,0
1733,Unspecified malignant neoplasm of skin of other and unspecified parts of face,C44,Unspecified malignant neoplasm of skin of unspecified part of face,1,0,0,0,0
1734,Unspecified malignant neoplasm of scalp and skin of neck,C44,Unspecified malignant neoplasm of skin of scalp and neck,0,0,0,0,0
1735,"Unspecified malignant neoplasm of skin of trunk, except scrotum",C44,Unspecified malignant neoplasm of anal skin,1,0,0,0,0
1736,"Unspecified malignant neoplasm of skin of upper limb, including shoulder",C44,"Unspecified malignant neoplasm of skin of unspecified upper limb, including shoulder",1,0,0,0,0
1737,"Unspecified malignant neoplasm of skin of lower limb, including hip",C44,"Unspecified malignant neoplasm of skin of unspecified lower limb, including hip",1,0,0,0,0
1738,Unspecified malignant neoplasm of other specified sites of skin,C44,Unspecified malignant neoplasm of overlapping sites of skin,1,0,0,0,0
1739,"Unspecified malignant neoplasm of skin, site unspecified",C44,"Unspecified malignant neoplasm of skin, unspecified",0,0,0,0,0
2398,"Neoplasms of unspecified nature, retina and choroid",D49,Neoplasm of unspecified behavior of retina and choroid,0,0,0,0,0
2740,"Gouty arthropathy, unspecified",M10,"Idiopathic gout, unspecified site",1,0,0,0,0
2750,Hereditary hemochromatosis,E83,Hereditary hemochromatosis,0,0,0,0,0
2766,Transfusion associated circulatory overload,E87,Transfusion associated circulatory overload,0,0,0,0,0
2794,Autoimmune lymphoproliferative syndrome,D89,Autoimmune lymphoproliferative syndrome [ALPS],0,0,0,0,0
2841,Antineoplastic chemotherapy induced pancytopenia,D61,Antineoplastic chemotherapy induced pancytopenia,0,0,0,0,0
2865,Acquired hemophilia,D68,Acquired hemophilia,0,0,0,0,0
2874,Posttransfusion purpura,D69,Posttransfusion purpura,0,0,0,0,0
2880,"Neutropenia, unspecified",D70,"Neutropenia, unspecified",0,0,0,0,0
3108,Pseudobulbar affect,F48,Pseudobulbar affect,0,0,0,0,0
3370,"Idiopathic peripheral autonomic neuropathy, unspecified",G90,Other idiopathic peripheral autonomic neuropathy,1,0,0,0,0
3488,Temporal sclerosis,G93,Temporal sclerosis,0,0,0,0,0
4251,Hypertrophic obstructive cardiomyopathy,I42,Obstructive hypertrophic cardiomyopathy,0,0,0,0,0
4440,Saddle embolus of abdominal aorta,I74,Saddle embolus of abdominal aorta,0,0,0,0,0
4538,Acute venous embolism and thrombosis of superficial veins of upper extremity,I82,Acute embolism and thrombosis of superficial veins of unspecified upper extremity,1,0,0,0,0
488,Influenza due to identified novel influenza A virus with pneumonia,J09,Influenza due to identified novel influenza A virus with pneumonia,1,0,0,0,0
4880,Influenza due to identified avian influenza virus with pneumonia,J09,Influenza due to identified novel influenza A virus with pneumonia,1,0,0,0,0
4881,Influenza due to identified 2009 H1N1 influenza virus with pneumonia,J10,Influenza due to other identified influenza virus with other specified pneumonia,1,0,0,0,0
5118,Malignant pleural effusion,J91,Malignant pleural effusion,0,0,0,0,0
5128,Primary spontaneous pneumothorax,J93,Primary spontaneous pneumothorax,0,0,0,0,0
5163,"Idiopathic interstitial pneumonia, not otherwise specified",J84,"Idiopathic interstitial pneumonia, not otherwise specified",0,0,0,0,0
5185,Acute respiratory failure following trauma and surgery,J95,Acute postprocedural respiratory failure,1,0,0,0,0
5968,Infection of cystostomy,N99,Cystostomy infection,0,0,0,0,0
5997,"Hematuria, unspecified",R31,"Hematuria, unspecified",0,0,0,0,0
6118,Ptosis of breast,N64,Ptosis of breast,0,0,0,0,0
6951,"Erythema multiforme, unspecified",L51,Nonbullous erythema multiforme,1,0,0,0,0
7299,"Disorders of soft tissue, unspecified",M79,"Soft tissue disorder, unspecified",1,0,0,0,0
7473,Pulmonary artery coarctation and atresia,Q25,Atresia of pulmonary artery,1,0,0,0,0
7523,Agenesis of uterus,Q51,Agenesis and aplasia of uterus,1,0,0,0,0
7800,Coma,R40,Unspecified coma,1,0,0,0,0
7806,"Fever, unspecified",R50,Drug induced fever,1,0,0,0,0
7845,Dysarthria,R47,Dysarthria and anarthria,0,0,0,0,0
7863,"Hemoptysis, unspecified",R04,Hemoptysis,1,0,0,0,0
7876,Full incontinence of feces,R15,Full incontinence of feces,0,0,0,0,0
7889,Functional urinary incontinence,R39,Functional urinary incontinence,0,0,0,0,0
7931,Solitary pulmonary nodule,R91,Solitary pulmonary nodule,0,0,0,0,0
7955,Nonspecific reaction to tuberculin skin test without active tuberculosis,R76,Nonspecific reaction to tuberculin skin test without active tuberculosis,0,0,0,0,0
7992,Nervousness,R45,Nervousness,0,0,0,0,0
9690,"Poisoning by antidepressant, unspecified",T43,"Poisoning by unspecified antidepressants, accidental (unintentional), initial encounter",1,0,0,0,0
9697,"Poisoning by psychostimulant, unspecified",T43,"Poisoning by unspecified psychostimulants, accidental (unintentional), initial encounter",1,0,0,0,0
9708,Poisoning by cocaine,T40,"Poisoning by cocaine, accidental (unintentional), initial encounter",1,0,0,0,0
9973,Ventilator associated pneumonia,J95,Ventilator associated pneumonia,0,0,0,0,0
9974,Retained cholelithiasis following cholecystectomy,K91,Retained cholelithiasis following cholecystectomy,0,0,0,0,0
9980,"Postoperative shock, unspecified",T81,"Postprocedural shock unspecified, initial encounter",1,0,0,0,0
9994,Anaphylactic reaction due to administration of blood and blood products,T80,"Anaphylactic reaction due to administration of blood and blood products, initial encounter",1,0,0,0,0
9995,Other serum reaction due to administration of blood and blood products,T80,"Other serum reaction due to administration of blood and blood products, initial encounter",1,0,0,0,0
9998,"Transfusion reaction, unspecified",T80,"Unspecified transfusion reaction, initial encounter",1,0,0,0,0
E927,Overexertion from sudden strenuous movement,X50,"Overexertion from strenuous movement or load, initial encounter",1,0,0,0,0
E995,Injury due to war operations by unarmed hand-to-hand combat,Y36,"War operations involving unarmed hand to hand combat, military personnel, initial encounter",1,0,0,0,0
