model,task,auroc_difference,auroc_p_value,auroc_significance,auprc_difference,auprc_p_value,auprc_significance
Med-BERT,y_icu_readmit_30,0.05109368081552146,0.00019998000199980003,***,0.03519483612639579,0.003999600039996,**
Med-BERT,y_mort,0.045109739586825404,0.00009999000099990002,***,0.12309746027383206,0.00009999000099990002,***
Med-BERT,y_los_7,0.030089865896513968,0.00009999000099990002,***,0.042872489993523,0.00039996000399960006,***
Med-BERT,y_mort_12mo,0.09420971004254663,0.00009999000099990002,***,0.13712615066128625,0.00009999000099990002,***
CEHR-BERT,y_icu_readmit_30,0.09452958328301742,0.00009999000099990002,***,0.04122985162405487,0.006799320067993201,**
CEHR-BERT,y_mort,0.011707359533446482,0.00009999000099990002,***,0.03885043124484988,0.00009999000099990002,***
CEHR-BERT,y_los_7,0.007878561379041527,0.0084991500849915,**,0.017622357611217943,0.06359364063593641,ns
CEHR-BERT,y_mort_12mo,0.014787423594987747,0.00029997000299970003,***,0.021491265376417212,0.0408959104089591,*
BEHRT,y_icu_readmit_30,0.054966439238417264,0.00009999000099990002,***,0.04869594817317596,0.007699230076992301,**
BEHRT,y_mort,0.0388336338688865,0.00009999000099990002,***,0.10191892591602203,0.00009999000099990002,***
BEHRT,y_los_7,0.0251701417401462,0.00009999000099990002,***,0.02052689338576441,0.037696230376962306,*
BEHRT,y_mort_12mo,0.05827327548450878,0.00009999000099990002,***,0.10748184971392616,0.00009999000099990002,***
Hi-BEHRT,y_icu_readmit_30,0.06346732479974238,0.0007999200079992001,***,0.030959601514393018,0.0178982101789821,*
Hi-BEHRT,y_mort,0.047614447585070496,0.00009999000099990002,***,0.14822839281427036,0.00009999000099990002,***
Hi-BEHRT,y_los_7,0.036880301495733736,0.00009999000099990002,***,0.051007529493805215,0.00009999000099990002,***
Hi-BEHRT,y_mort_12mo,0.08254032811681455,0.00009999000099990002,***,0.10229708429534412,0.00009999000099990002,***
